[
  {
    "id": 1,
    "restaurantId": 1,
    "categoryId": 1,
    "name": "Crispy Calamari",
    "description": "Fresh squid rings, lightly breaded and fried to perfection. Served with marinara sauce.",
    "fullDescription": "Fresh squid rings, lightly breaded and fried to perfection. Served with marinara sauce and lemon wedges.",
    "price": 12.99,
    "imageUrl": "https://images.unsplash.com/photo-1551504734-5ee1c4a1479b?ixlib=rb-4.0.3&auto=format&fit=crop&w=500&h=300",
    "rating": 4.8,
    "votes": 89,
    "upvotes": 80,
    "downvotes": 9
  },
  {
    "id": 2,
    "restaurantId": 1,
    "categoryId": 1,
    "name": "Bruschetta Trio",
    "description": "Three varieties: classic tomato & basil, mushroom & truffle, and ricotta & honey.",
    "fullDescription": "Three varieties of artisanal bruschetta: classic tomato & basil, wild mushroom & truffle, and fresh ricotta & honey on toasted sourdough.",
    "price": 9.99,
    "imageUrl": "https://images.unsplash.com/photo-1572695157366-5e585ab2b69f?ixlib=rb-4.0.3&auto=format&fit=crop&w=500&h=300",
    "rating": 4.6,
    "votes": 76,
    "upvotes": 68,
    "downvotes": 8
  },
  {
    "id": 6,
    "restaurantId": 1,
    "categoryId": 1,
    "name": "Pan-Seared Scallops",
    "description": "Perfectly seared diver scallops with cauliflower purée, pancetta crisps, and microgreens.",
    "fullDescription": "Three jumbo diver scallops seared to golden perfection, served atop silky cauliflower purée with crispy pancetta, drizzled with brown butter sauce and garnished with fresh microgreens.",
    "price": 16.99,
    "imageUrl": "/assets/images/food/pan-seared-scallops.png",
    "rating": 4.9,
    "votes": 127,
    "upvotes": 119,
    "downvotes": 8
  },
  {
    "id": 3,
    "restaurantId": 1,
    "categoryId": 2,
    "name": "Grilled Atlantic Salmon",
    "description": "Fresh Atlantic salmon with lemon herb butter, served with seasonal vegetables and wild rice.",
    "fullDescription": "Fresh Atlantic salmon grilled to perfection with our signature lemon herb butter, accompanied by seasonal roasted vegetables and aromatic wild rice pilaf.",
    "price": 28.99,
    "imageUrl": "https://images.unsplash.com/photo-1467003909585-2f8a72700288?ixlib=rb-4.0.3&auto=format&fit=crop&w=500&h=300",
    "rating": 4.9,
    "votes": 142,
    "upvotes": 132,
    "downvotes": 10
  },
  {
    "id": 4,
    "restaurantId": 1,
    "categoryId": 2,
    "name": "Wild Mushroom Risotto",
    "description": "Creamy arborio rice with wild mushrooms, truffle oil, and aged parmesan cheese.",
    "fullDescription": "Creamy arborio rice slow-cooked with a medley of wild mushrooms, finished with truffle oil and aged parmesan cheese. A vegetarian delight.",
    "price": 24.99,
    "imageUrl": "https://images.unsplash.com/photo-1476124369491-e7addf5db371?ixlib=rb-4.0.3&auto=format&fit=crop&w=500&h=300",
    "rating": 4.7,
    "votes": 98,
    "upvotes": 88,
    "downvotes": 10
  },
  {
    "id": 5,
    "restaurantId": 1,
    "categoryId": 2,
    "name": "Bella Vista Burger",
    "description": "Wagyu beef patty, aged cheddar, arugula, tomato, and truffle aioli on brioche bun.",
    "fullDescription": "Premium Wagyu beef patty grilled to your preference, topped with aged cheddar, fresh arugula, vine-ripened tomato, and house-made truffle aioli on a toasted brioche bun. Served with hand-cut fries.",
    "price": 18.99,
    "imageUrl": "https://images.unsplash.com/photo-1568901346375-23c9450c58cd?ixlib=rb-4.0.3&auto=format&fit=crop&w=500&h=300",
    "rating": 4.8,
    "votes": 203,
    "upvotes": 188,
    "downvotes": 15
  },
  {
    "id": 7,
    "restaurantId": 1,
    "categoryId": 3,
    "name": "Tiramisu",
    "description": "Classic Italian dessert with coffee-soaked ladyfingers, mascarpone cream, and cocoa powder.",
    "fullDescription": "Traditional tiramisu made with espresso-soaked ladyfingers, rich mascarpone cream, and dusted with premium Belgian cocoa powder. A perfect end to your Italian dining experience.",
    "price": 8.99,
    "imageUrl": "https://images.unsplash.com/photo-1571877227200-a0d98ea607e9?ixlib=rb-4.0.3&auto=format&fit=crop&w=500&h=300",
    "rating": 4.9,
    "votes": 156,
    "upvotes": 148,
    "downvotes": 8
  },
  {
    "id": 8,
    "restaurantId": 1,
    "categoryId": 3,
    "name": "Panna Cotta",
    "description": "Silky vanilla panna cotta with fresh berry compote and candied orange zest.",
    "fullDescription": "Delicate vanilla bean panna cotta served with seasonal berry compote and garnished with candied orange zest and fresh mint. Light and refreshing.",
    "price": 7.99,
    "imageUrl": "https://images.unsplash.com/photo-1488477181946-6428a0291777?ixlib=rb-4.0.3&auto=format&fit=crop&w=500&h=300",
    "rating": 4.7,
    "votes": 89,
    "upvotes": 82,
    "downvotes": 7
  },
  {
    "id": 9,
    "restaurantId": 1,
    "categoryId": 3,
    "name": "Chocolate Lava Cake",
    "description": "Warm chocolate cake with molten center, served with vanilla gelato and raspberry coulis.",
    "fullDescription": "Decadent chocolate lava cake with a molten chocolate center, served warm with house-made vanilla gelato and fresh raspberry coulis. A chocolate lover's dream.",
    "price": 9.99,
    "imageUrl": "https://images.unsplash.com/photo-1606313564200-e75d5e30476c?ixlib=rb-4.0.3&auto=format&fit=crop&w=500&h=300",
    "rating": 4.8,
    "votes": 234,
    "upvotes": 218,
    "downvotes": 16
  }
]
